{ 
  "sammy" : {
    "username"  : "SammyShark",
    "location"  : "Indian Ocean",
    "online"    : true,
    "followers" : 987
  },
  "jesse" : {
    "username"  : "JesseOctopus",
    "location"  : "Pacific Ocean",
    "online"    : false,
    "followers" : 432
  },
  "drew" : {
    "username"  : "DrewSquid",
    "location"  : "Atlantic Ocean",
    "online"    : false,
    "followers" : 321
  },
  "jamie" : {
    "username"  : "JamieMantisShrimp",
    "location"  : "Pacific Ocean",
    "online"    : true,
    "followers" : 654
  }
}
